Re****ainer|funny
Re****ainer|funkopop
Re****ainer|funkoswap
Re****ainer|SquaredCircle
Re****ainer|tipofmytongue
Re****ainer|toyexchange
BO****AN|funny
BO****AN|theydidthemath
BO****AN|mildlyinteresting
BO****AN|backpacking
BO****AN|pcmasterrace
BO****AN|asmr
BO****AN|watercooling
BO****AN|ClusterTruck
BO****AN|explainlikeimfive
BO****AN|AskReddit
BO****AN|trees
BO****AN|MelancholyMusic
BO****AN|HouseOfCards
BO****AN|Music
Use****Bead|misleadingthumbnails
Use****Bead|jillstein
Use****Bead|funny
Use****Bead|conspiracy
Use****Bead|FellowKids
Use****Bead|ImGoingToHellForThis
Use****Bead|Showerthoughts
Use****Bead|avocadosgonewild
Use****Bead|EnoughTrumpSpam
Use****Bead|PropagandaPosters
Use****Bead|SandersForPresident
Use****Bead|electronicmusic
Use****Bead|BlackPeopleTwitter
Use****Bead|Anarchism
Use****Bead|toosoon
Use****Bead|juxtaposition
